,MPEX,DPEX,NPTXEX,SSTIN,NBL,SCGNIN,CMPN,BKC,StriatumIN,MSN,SFRP1RGC,CP,VLMC,WNTRGC,CCND1RGC
HBQ1,-0.65,1.35,0.33,-0.38,-0.92,-0.73,0.93,-1.04,-1.58,0.77,1.03,-1.18,0.36,1.58,0.14
VIM,0.19,-0.23,-0.68,-0.31,-0.6,-0.64,-0.59,-0.75,-0.73,-0.89,0.71,0.28,0.01,2.77,1.46
SOX19,-0.44,-0.48,-0.47,-0.58,-0.47,-0.49,-0.38,-0.52,-0.49,-0.54,1.06,-0.3,-0.42,2.28,2.25
PTBP1,-0.55,-0.52,-0.7,-0.61,-0.41,-0.34,-0.44,-0.45,-0.74,-0.76,1.19,-0.11,0.11,2.15,2.17
FSTL5,-0.85,-1.35,-1.1,-0.44,-0.01,-0.23,0.32,-0.08,-0.3,0.31,2.29,0.18,-1.12,1.59,0.81
SOX2,-0.91,-1.04,-0.95,-0.42,0.08,0.81,0.16,-0.32,-0.05,-0.51,1.04,-0.37,-0.92,2.72,0.68
ID4,-0.87,-1.13,-1.04,-0.88,0.31,-0.13,1.33,0.22,-0.23,-0.49,1.37,-0.14,-0.87,2.27,0.27
ADCYAP1R1,-0.04,-0.21,-0.37,0.05,-0.33,0.57,0.04,-0.6,-0.5,-0.72,0.17,-0.02,-0.64,3.35,-0.75
TUBB6,0.12,-0.57,-0.1,0.16,0.08,0.11,-0.15,-0.76,-0.5,-0.88,0.9,-0.06,-0.81,3.17,-0.71
SLIT2,-0.38,-0.49,-0.37,-0.41,0.93,-0.01,0.15,-0.49,-0.36,-0.42,-0.4,-0.19,-0.5,3.35,-0.41
TNFRSF19,-0.59,-0.34,-0.18,-0.57,0.38,-0.15,0.08,-0.16,-0.03,-0.08,-0.37,-0.14,-0.63,3.46,-0.68
VWC2L,-0.15,-0.34,-0.39,-0.2,-0.37,-0.37,-0.3,-0.4,-0.38,-0.41,-0.29,-0.09,0.48,3.52,-0.32
FGFBP1,-0.03,-0.28,-0.41,-0.35,-0.41,-0.35,-0.29,-0.35,-0.39,-0.43,0.16,-0.1,-0.32,3.56,-0.01
EDNRB,-0.14,-0.25,-0.3,-0.27,-0.28,-0.28,-0.25,-0.32,-0.34,-0.33,-0.14,-0.13,-0.26,3.61,-0.32
CTSL,0.38,-0.24,-0.37,-0.86,0.8,-0.95,0,-0.24,-0.71,-0.96,0.98,-0.64,0.84,2.7,-0.73
NDRG2,-0.08,-0.28,-0.32,-0.4,-0.36,-0.28,-0.39,-0.5,-0.52,-0.64,0.93,0.14,-0.54,3.34,-0.1
CHRDL1,-0.2,-0.25,-0.4,-0.3,-0.37,-0.41,-0.35,-0.37,-0.4,-0.45,0.58,-0.02,-0.32,3.5,-0.24
GLUL,-0.26,-0.33,-0.39,-0.35,-0.4,-0.37,-0.24,-0.42,-0.39,-0.44,0.97,-0.11,-0.35,3.39,-0.33
CA14,-0.31,-0.37,-0.52,-0.49,-0.44,-0.47,-0.25,-0.46,-0.5,-0.51,0.51,0.14,-0.4,3.32,0.76
EGF,-0.31,-0.4,-0.48,-0.45,-0.47,-0.44,-0.38,-0.42,-0.5,-0.47,1.23,-0.3,-0.39,3.16,0.62
SLC1A3,-0.34,-0.32,-0.45,-0.47,-0.48,-0.46,-0.34,-0.49,-0.44,-0.51,1.17,-0.05,-0.26,3.26,0.17
Lamb1,-0.3,-0.38,-0.45,-0.39,-0.42,-0.41,-0.37,-0.46,-0.45,-0.46,0.97,-0.11,-0.38,3.34,0.27
GPR37L1,-0.31,-0.49,-0.54,-0.53,-0.37,-0.41,-0.39,-0.5,-0.55,-0.53,1.76,-0.17,-0.43,2.85,0.61
ACTG1,-0.36,-0.55,-0.57,-0.61,-0.45,-0.45,-0.38,-0.68,-0.67,-0.69,1.37,0.32,0.05,2.89,0.77
PSGP,-0.16,-0.24,-0.31,-0.38,-0.58,-0.52,-0.4,-0.36,-0.35,-0.51,1.98,-0.23,-0.6,2.84,-0.18
WNT7B,-0.25,-0.44,-0.48,-0.42,-0.28,-0.01,-0.25,-0.41,-0.45,-0.48,1.25,-0.17,-0.45,3.26,-0.42
QKI,-0.42,-0.48,-0.5,-0.51,-0.38,-0.23,-0.22,-0.57,-0.38,-0.55,1.67,-0.15,-0.35,3.02,0.05
GLUD1,-0.26,-0.26,-0.43,-0.42,-0.45,-0.48,-0.33,-0.42,-0.43,-0.45,1.58,-0.05,-0.39,3.1,-0.32
ANXA5,-0.63,-0.53,-0.57,-0.88,-0.55,-0.35,-0.49,-0.69,-0.6,-0.55,1.42,-0.09,1.08,2.53,0.91
SPARC,-0.58,-0.53,-0.66,-0.6,-0.51,-0.41,-0.46,-0.55,-0.34,-0.43,1.12,0.15,1.37,2.83,-0.41
PTN,-0.32,-0.36,-0.36,-0.41,-0.45,-0.45,-0.38,-0.44,-0.41,-0.53,1.18,0.11,0.07,3.26,-0.52
CHRM4,-0.41,-0.44,-0.41,-0.4,-0.5,-0.44,-0.33,-0.58,-0.47,-0.51,0.7,0.11,0.26,3.37,0.07
CD9,-0.26,-0.39,-0.47,-0.34,-0.45,-0.39,-0.41,-0.43,-0.46,-0.45,0.66,-0.09,0.62,3.35,-0.5
CKB[hs],0.19,0.45,0.02,0.83,-0.65,-0.52,-1.07,-0.14,0.31,0.56,0.19,-0.41,-2.28,2.32,0.2
SOX8,-0.08,-0.31,-0.68,-0.55,-0.49,-0.21,-0.37,-0.46,0.16,1.12,0.44,-0.44,-0.59,3.16,-0.69
SHISA8,-0.59,-0.22,-0.43,0.51,-0.53,-0.92,-0.84,-0.4,1.21,0.06,1.06,-0.19,-0.78,2.74,-0.65
DCX,1.61,0.43,-0.72,-0.49,0.68,1.09,0.51,-0.55,-0.01,-0.7,0.8,-0.61,-2.28,1,-0.75
NFIC,0.68,1.17,-0.61,-0.35,-0.46,-0.42,-0.66,-0.78,-0.89,-1.01,0.41,0.07,0.18,2.86,-0.2
QRSL1,2.49,0.58,-0.22,-0.19,-0.28,0.44,-0.54,-0.94,-0.89,-1.01,0.21,-0.41,-0.58,1.83,-0.48
Nrep,-0.59,-0.15,0.75,-0.43,-0.47,0.8,0.07,-0.09,-0.03,-1.01,2.46,-0.94,-1.2,-0.67,1.47
FABP7,-0.65,-0.23,-0.09,-0.35,-0.67,-0.74,-0.52,-0.42,-0.39,-0.6,2.69,-0.26,-0.51,1.58,1.16
FGFBP3,-0.54,-0.48,-0.39,-0.5,-0.52,-0.5,-0.34,-0.47,-0.45,-0.46,3.08,0.03,-0.45,0.75,1.23
SFRP1,-0.28,-0.43,-0.52,-0.04,-0.53,-0.44,-0.52,-0.45,-0.47,-0.49,3.25,-0.03,1.17,-0.32,0.11
RGR,-0.35,-0.43,-0.34,-0.41,-0.17,0.4,-0.28,-0.38,-0.1,-0.41,3.52,-0.15,-0.43,-0.02,-0.46
IGFBP5,-0.12,-0.36,-0.42,-0.38,-0.4,-0.16,-0.53,-0.38,-0.37,-0.29,3.51,0.15,-0.13,0.34,-0.45
NES,-0.57,-0.54,-0.59,-0.5,-0.47,-0.71,-0.06,-0.4,-0.51,-0.54,1.04,-0.27,0.35,0.67,3.1
DBI,-0.61,-0.7,-0.37,-0.59,-0.57,-0.98,-0.42,-0.47,-0.42,-0.61,1.52,-0.2,0.63,1.39,2.4
SOX11,-0.63,-0.43,-0.58,-0.56,-0.04,0.61,-0.04,-0.54,-0.73,-0.52,1.4,-0.62,-0.58,0.33,2.92
FAM167A,-0.72,-0.66,-0.51,-0.55,0.1,0.07,0.33,-0.55,-0.59,-0.82,1.18,-0.48,-0.81,1.42,2.59
SOX3,-0.4,-0.46,-0.48,-0.49,-0.47,-0.49,-0.36,-0.48,-0.48,-0.49,1.31,-0.28,-0.44,1.08,2.95
HES5,-0.5,-0.56,-0.48,-0.55,-0.38,-0.53,-0.23,-0.38,-0.49,-0.48,1.42,-0.26,-0.46,0.95,2.94
GFAP,-0.48,-0.53,-0.49,-0.49,-0.51,-0.47,-0.33,-0.44,-0.49,-0.55,1.32,-0.26,-0.52,1.6,2.66
ZFP36L2,-0.48,-0.54,-0.54,-0.46,-0.34,-0.49,-0.44,-0.49,-0.52,-0.61,1.36,-0.24,-0.38,1.4,2.75
CD74,-0.4,-0.67,-0.67,-0.6,0.29,-0.54,-0.5,-0.71,-0.63,-0.59,0.45,0.29,0.81,0.39,3.1
RPS4X,-0.64,-0.51,-0.41,-0.56,-0.26,-0.44,-0.02,-0.3,-0.26,-0.51,0.23,-0.19,0.7,-0.24,3.4
RPS12,-0.59,-0.56,-0.34,-0.51,-0.33,-0.4,-0.18,-0.41,-0.34,-0.4,0.03,-0.06,1,-0.25,3.34
CCND1,-0.68,-0.76,-0.67,-0.81,-0.3,0.31,-0.34,-0.36,-0.37,-0.07,0.29,-0.29,0.19,0.58,3.28
CENPV,-0.67,-0.63,-0.59,-0.69,-0.14,0,-0.26,-0.27,-0.18,0.02,0.88,-0.45,-0.61,0.33,3.27
CCNB3,-0.4,-0.49,-0.2,-0.51,-0.22,-0.47,-0.08,-0.06,-0.06,-0.12,-0.09,-0.39,-0.29,-0.2,3.57
MCM3,-0.56,-0.21,-0.05,-0.61,-0.25,-0.64,-0.37,-0.2,-0.23,-0.46,0.7,-0.1,-0.48,0.04,3.41
CCNA2,-0.08,-0.39,-0.41,-0.44,-0.44,-0.44,-0.4,-0.44,-0.33,-0.44,0.92,-0.13,-0.19,-0.15,3.39
MCM4,-0.43,-0.44,-0.41,-0.46,-0.41,-0.17,-0.26,-0.41,-0.41,-0.37,0.46,-0.07,-0.29,0.17,3.49
FZD5,-0.38,-0.4,-0.39,-0.4,-0.26,-0.3,-0.33,-0.37,-0.33,-0.4,0.56,-0.34,-0.39,0.26,3.47
MCM7,-0.84,-0.61,-0.39,-0.21,-0.14,0.83,-0.23,0.25,-0.13,-0.07,0.57,-0.72,-0.89,-0.57,3.15
SUGP2,-0.55,-0.55,0,-0.49,0.31,0.09,-0.05,-0.75,-0.37,0.09,0.75,-0.26,-1.36,-0.01,3.14
SNU13,-0.67,-0.21,0.04,-0.66,0.24,-0.09,0.14,-0.62,-0.03,0.15,0.77,-0.78,-0.97,-0.5,3.19
H2AZ1,-0.87,-0.57,-0.31,-1.12,0.33,-0.03,0.35,0.23,-0.07,-0.21,1.14,-0.17,-1.05,-0.57,2.91
SNRPF,-0.7,-0.52,-0.31,-0.34,0.02,-0.39,0.23,0.12,-0.02,-0.35,0.41,-0.44,-0.71,-0.42,3.41
RRM1[hs],-0.72,-0.52,-0.4,-0.46,0.18,-0.03,0.14,0.08,-0.08,-0.15,0.57,-0.55,-0.69,-0.71,3.34
HNRNPK,-0.7,-0.4,-0.5,-0.69,-0.17,-0.11,0.13,-0.03,-0.04,0.13,0.8,-0.5,-0.64,-0.59,3.3
SET,-0.78,-0.57,-0.28,-0.66,0.02,0.11,0.34,-0.27,-0.05,-0.11,0.7,-0.24,-0.56,-0.91,3.26
ODC1,-0.36,-0.15,-0.35,0.05,-0.32,-0.42,-0.06,-0.27,-0.24,-0.18,0.69,-0.52,-1.61,0.63,3.09
RRM2,-0.24,0.53,0.05,0.43,-0.59,-0.67,-0.48,-0.54,-0.61,-0.67,0.98,-0.32,-0.6,-0.39,3.12
VAX2,-0.53,-0.55,-0.54,-0.52,1.91,-0.09,0.18,-0.52,-0.51,-0.53,-0.18,-0.34,-0.47,-0.13,2.82
SOX1,-0.88,-0.95,-1.07,-0.7,2.02,0.12,0.84,0.28,-0.69,-0.1,0.45,-0.6,-0.97,0.33,1.92
LMNB2,-0.99,-0.46,-0.1,0.47,0.47,-0.56,0.11,0.92,0.39,0.57,0.81,-1.22,-1.49,-1.15,2.24
PGLS,-0.88,-0.55,0.34,-0.77,0.04,-0.74,-0.13,0.09,0.5,0.79,0.57,-0.82,-0.59,-0.83,2.96
FTL,-0.37,-0.46,-0.42,-0.4,-0.34,-0.26,-0.4,-0.41,-0.43,-0.47,-0.2,2.82,2.04,-0.31,-0.39
HBG2[hs],-0.5,-0.38,-0.31,-0.55,-0.07,-0.03,-0.43,-0.2,-0.46,-0.44,-0.37,3.19,1.38,-0.35,-0.48
HB-B,-0.36,-0.41,-0.34,-0.34,-0.28,-0.31,-0.35,-0.39,-0.41,-0.45,-0.14,3.33,1.15,-0.33,-0.36
CASR,-0.4,-0.41,-0.39,-0.32,-0.16,-0.37,-0.37,-0.34,-0.36,-0.42,-0.34,3.15,1.54,-0.39,-0.41
MFRP,-0.45,-0.49,-0.69,-0.65,0.22,0.05,-0.46,-0.72,-0.58,-0.66,0.25,3.16,-0.35,0.72,0.65
TRPM3,-0.44,-0.51,0.42,0.28,-0.37,-0.52,-0.35,-0.2,-0.32,-0.54,-0.1,3.47,-0.39,-0.18,-0.24
HBZ[hs],-0.15,-0.21,-0.29,-0.24,-0.22,-0.39,-0.35,0.02,-0.39,-0.39,-0.21,3.58,0.02,-0.39,-0.39
ANKRD55,-0.29,-0.27,-0.65,-0.19,0.03,-0.27,-0.31,-0.3,-0.65,-0.74,-0.2,3.45,0.23,-0.21,0.36
CNP,-0.54,-0.69,0.47,-0.52,1.14,-1.46,0.64,-0.6,0.01,-0.54,0.78,2.3,0.42,0.07,-1.46
UCN,-0.65,-0.14,-0.17,-0.65,2.36,-0.65,-0.3,-0.27,-0.16,0.17,-0.65,2.42,-0.34,-0.31,-0.65
ENPP2[nr],-0.55,-0.72,-0.73,-0.66,2.33,-0.05,0.17,-0.71,-0.68,-0.65,-0.44,2.2,0.1,0.56,-0.17
ANGPTL2,-0.27,-0.34,-0.52,-0.22,-0.6,-0.18,-0.6,-0.8,-0.68,-0.55,-0.19,0.99,1.63,2.74,-0.41
UGT8,-0.43,-0.9,-0.46,-0.31,-0.16,0.15,-0.64,-1.16,-0.54,0.22,1.18,0.55,2.33,1.39,-1.23
TGFBI,-0.34,-0.99,-0.8,-0.52,0.34,0.4,-0.53,-0.98,-0.54,-0.83,1.34,0.47,2.52,0.97,-0.5
CLIC1,-0.35,-0.51,-0.38,-0.71,-0.68,-0.8,-0.56,-0.56,-0.37,-0.64,0.74,0.23,2.51,1.94,0.14
LGALS1[hs],-0.3,-0.59,-0.64,-0.49,0.04,-0.5,-0.56,-0.61,-0.68,-0.79,0.44,0.71,3.04,0.97,-0.05
CLDN11,-0.4,-0.67,-0.93,-0.46,0.49,-0.59,-0.6,-0.89,-0.65,-1.06,1.64,0.19,2.07,1.31,0.56
PLP1,-0.52,-0.69,-0.42,-0.41,-0.21,-0.66,-0.67,-0.35,-0.66,-0.62,1.93,0.15,2.26,1.38,-0.52
COL6A2,0.38,-0.64,-0.33,0.26,1.52,-0.72,-0.46,-0.74,-0.42,-0.59,-0.64,0.75,2.74,-0.38,-0.74
KRT18,-0.34,-0.44,-0.39,-0.53,-0.2,-0.16,-0.4,-0.47,-0.47,-0.55,-0.05,0.59,3.41,-0.42,0.4
SELENOP,-0.22,-0.54,-0.59,-0.45,-0.28,-0.35,-0.49,-0.55,-0.61,-0.64,-0.17,0.92,3.23,0.24,0.5
CD34,-0.42,-0.64,-0.41,-0.22,0.08,-0.1,-0.47,-0.37,-0.6,-0.13,-0.46,1.44,3.13,-0.3,-0.52
COL3A1,-0.38,-0.34,-0.38,-0.34,-0.2,-0.34,-0.3,-0.4,-0.45,-0.42,-0.32,1.49,3.17,-0.37,-0.42
FN1,-0.25,-0.51,-0.45,-0.08,-0.25,-0.03,-0.32,-0.42,-0.4,-0.41,-0.19,0.49,3.5,-0.14,-0.53
BGN,-0.37,-0.38,-0.36,-0.43,-0.16,-0.23,-0.36,-0.33,-0.37,-0.44,-0.25,1.09,3.35,-0.39,-0.37
ACTA2,-0.37,-0.36,-0.35,-0.35,-0.16,-0.26,-0.33,-0.19,-0.38,-0.37,-0.35,0.69,3.48,-0.32,-0.4
FSTL1,-0.51,-0.81,-0.47,-0.31,0.62,0.17,0.17,-0.46,-0.46,-0.37,-0.38,0.08,3.37,-0.5,-0.15
S100A10,0.24,-0.49,-0.52,-0.32,-0.27,0.2,-0.3,-0.53,-0.58,-0.56,-0.43,0.19,3.42,0.37,-0.4
COL4A1,-0.13,-0.11,-0.36,-0.36,-0.1,-0.23,-0.33,-0.44,-0.41,-0.47,-0.34,0.26,3.55,-0.33,-0.2
MMP2,-0.27,-0.27,-0.3,-0.33,-0.19,-0.26,-0.25,-0.34,-0.31,-0.34,-0.28,0.1,3.59,-0.29,-0.27
OLFML3,-0.29,-0.31,-0.3,-0.32,-0.24,-0.15,-0.27,-0.29,-0.32,-0.34,-0.31,0.18,3.58,-0.32,-0.29
PMP2[nr],-0.32,-0.33,-0.33,-0.31,-0.25,-0.19,-0.29,-0.31,-0.35,-0.37,-0.26,0.2,3.58,-0.2,-0.27
COL1A2,-0.26,-0.33,-0.31,-0.33,-0.2,-0.28,-0.29,-0.34,-0.33,-0.33,-0.31,0.34,3.56,-0.31,-0.3
CTSV,-0.32,-0.33,-0.33,-0.25,-0.03,-0.31,-0.3,-0.33,-0.32,-0.33,-0.31,0.22,3.57,-0.3,-0.33
COL1A1,-0.33,-0.31,-0.34,-0.35,-0.06,-0.16,-0.24,-0.35,-0.34,-0.35,-0.31,0.2,3.57,-0.34,-0.3
ANXA2,-0.32,-0.32,-0.3,-0.36,-0.19,-0.4,-0.34,-0.37,-0.33,-0.39,-0.12,0.04,3.58,-0.21,0.03
BHMT,-0.32,-0.31,-0.31,-0.34,-0.28,-0.13,-0.28,-0.37,-0.35,-0.38,-0.27,-0.07,3.59,-0.07,-0.13
PROS1,-0.3,-0.33,-0.3,-0.31,-0.23,-0.22,-0.27,-0.33,-0.32,-0.35,-0.21,-0.06,3.6,-0.05,-0.29
DCN,-0.31,-0.31,-0.3,-0.31,-0.07,-0.26,-0.3,-0.27,-0.25,-0.28,-0.28,-0.07,3.6,-0.29,-0.3
RBP4,-0.27,-0.28,-0.27,-0.26,-0.23,-0.23,-0.27,-0.27,-0.29,-0.28,-0.28,-0.13,3.61,-0.28,-0.28
AGT,-0.27,-0.28,-0.27,-0.26,-0.24,-0.18,-0.27,-0.27,-0.29,-0.28,-0.28,-0.15,3.61,-0.28,-0.28
CXCL12,-0.27,-0.29,-0.28,-0.27,-0.23,-0.19,-0.27,-0.26,-0.29,-0.29,-0.27,-0.15,3.61,-0.28,-0.26
LUM,-0.3,-0.29,-0.29,-0.31,-0.21,-0.17,-0.29,-0.26,-0.24,-0.25,-0.28,-0.11,3.61,-0.3,-0.31
GJB2,-0.29,-0.27,-0.28,-0.27,-0.23,-0.14,-0.29,-0.29,-0.28,-0.28,-0.29,-0.13,3.61,-0.29,-0.29
ACTB,-0.62,-0.8,-0.99,-0.72,0.02,-0.55,-0.46,-0.5,-0.54,-0.4,0.61,-0.03,2.53,0.7,1.74
B2M,-0.34,-1.04,-0.83,-0.6,1.57,0.52,-0.59,-0.67,-0.99,-1.21,0.15,1.23,1.94,0.18,0.68
LGALS3BP,-0.3,-0.73,-0.66,-0.63,1.23,-0.47,-0.92,-0.79,-0.07,-0.91,-0.48,0.73,2.37,1.45,0.16
C1QB,-0.82,-0.89,-0.84,-0.87,1.45,-0.33,-0.31,-0.99,-0.38,-0.72,0.72,0.03,2.26,1,0.68
SLC17A6,-0.49,-0.41,0.58,-0.04,3.47,0.11,-0.24,-0.46,-0.35,-0.48,-0.33,-0.23,-0.28,-0.38,-0.47
NTNG1,0.02,-0.17,-0.05,0.12,3.48,0.42,-0.31,-0.47,-0.42,-0.45,-0.41,-0.28,-0.4,-0.48,-0.58
NRN1,0.04,0.12,0.36,0.07,3.32,0.65,-0.44,-0.58,-0.64,-0.66,-0.55,-0.33,-0.38,-0.37,-0.61
CD5L,-0.87,-0.72,-0.71,0.61,2.45,-0.57,-0.63,-0.36,-0.58,-0.26,-0.1,0.38,2.05,-0.45,-0.22
COL6A1,-0.41,-0.59,-0.33,-0.47,3.01,-0.34,0.32,-0.59,-0.47,-0.35,-0.49,0.15,1.56,-0.44,-0.54
CNFN,-0.51,-0.53,-0.66,-0.75,2.91,-0.75,-0.46,-0.44,-0.39,-0.6,0.02,0.08,1.51,0.08,0.5
CSF1R,-0.58,-0.97,-0.42,-0.97,2.53,0.02,-0.59,-0.16,-0.39,-0.7,-0.09,0.5,1.94,0.19,-0.33
OLIG1,-0.83,-0.59,-0.83,1.03,-0.33,2.81,0.09,-0.5,0.24,-0.26,0.11,-1.21,0.8,0.29,-0.81
FGF17,0.03,-0.08,-0.63,-0.65,0.01,2.33,-0.27,-0.67,-0.57,-0.66,-0.16,-0.05,-0.66,2.41,-0.38
GLRX,-0.9,-0.75,-0.74,-0.88,0.83,1.94,1.18,-1.04,-0.9,-0.95,0.74,-0.57,0.21,1.13,0.7
TNC,-0.71,-0.75,-0.78,-0.75,0.72,1.81,1.95,-0.64,-0.75,-0.79,0.96,-0.31,-0.6,1.02,-0.37
NCAM2,0.16,-0.42,-0.98,0.29,2.43,1.61,0.76,0.01,-0.28,-0.56,-0.31,0.08,-0.96,-0.37,-1.46
PRDM16,-0.65,-0.68,-0.67,-0.63,2.36,1.65,1.51,-0.61,-0.7,-0.68,-0.33,-0.19,-0.46,-0.05,0.13
HEPHL1,-0.49,-0.76,-0.84,-0.29,1.96,2.13,1.36,0.08,-0.4,-0.13,-0.69,-0.38,-0.94,0.1,-0.7
ZIC1,-0.56,-0.64,-0.63,-0.57,2.06,2.24,1.3,-0.5,-0.63,-0.64,-0.6,-0.32,-0.09,-0.2,-0.22
ZIC2,-0.51,-0.53,-0.5,-0.52,2.08,2.56,0.73,-0.51,-0.54,-0.53,-0.5,-0.3,-0.26,-0.22,-0.46
WIPF3,0.99,-0.56,-0.66,-0.34,0.56,3.02,0.82,-0.43,-0.57,-0.62,-0.66,-0.21,-0.48,-0.27,-0.6
SHISA6,1.75,-0.57,-0.61,-0.02,0.65,2.66,0.46,-0.54,-0.52,-0.64,-0.65,-0.32,-0.6,-0.28,-0.76
ISLR2,0.69,-0.32,-1.19,-0.6,1.02,2.2,0.97,0.13,0.19,1.02,-0.61,-0.45,-0.96,-0.85,-1.23
TMEFF2,0.77,0.09,-1.03,0.08,1.2,2.4,1.08,-0.43,-0.11,0.08,-0.73,-0.33,-0.97,-0.93,-1.17
BAIAP3,0.56,0.04,-0.45,-0.31,0.04,3.25,0.22,0.54,-0.49,-0.14,-0.67,-0.39,-0.7,-0.69,-0.81
SULF2,-0.22,-0.2,-0.42,-0.36,0.42,3.47,0.2,-0.37,-0.48,-0.44,-0.32,-0.34,-0.47,0.12,-0.59
SCGN,-0.29,-0.3,-0.3,-0.3,-0.18,3.6,0,-0.3,-0.3,-0.3,-0.29,-0.25,-0.23,-0.28,-0.27
GFRA4,-0.83,-0.87,-0.75,-0.28,1.35,2.19,1.9,0.25,-0.46,-0.49,-0.34,-0.47,-0.75,-0.53,0.05
DLX2,-0.84,-0.8,-0.94,0,0.7,2.43,1.7,0,-0.42,-0.45,-0.12,-0.46,-0.82,-0.76,0.77
UNC5D,-0.95,-0.94,-0.47,-0.47,0.34,2.58,1.83,0.55,-0.06,-0.44,0.04,-0.28,-0.66,-0.62,-0.47
LMO3,-0.96,-0.71,-0.45,0.3,0.17,3.01,0.87,0.55,0.03,0.2,-0.27,-0.47,-0.98,-0.77,-0.51
SPOCK2,0.11,-0.23,0.76,0.35,1.69,1.83,1.19,0.04,-0.39,-0.48,-0.96,-0.44,-0.98,-1.14,-1.36
L1CAM,0.35,-0.01,0.23,0.2,1.61,1.32,0.93,0.26,0.42,0.45,-0.83,-0.31,-1.19,-1.52,-1.91
AGAP2,-0.54,0.17,0.07,-0.2,1.49,1.4,1.18,0.67,0.14,0.81,-0.81,-0.06,-1.27,-1.35,-1.68
SCG3,0.16,-0.58,0.66,1.62,2.07,-0.05,1.23,-0.3,0.18,-0.45,-0.58,-0.75,-0.91,-0.97,-1.33
NTS,0.14,-0.67,1.17,-0.29,1.76,0.62,2.29,-0.42,-0.54,-0.81,-0.8,-0.53,-0.69,-0.41,-0.83
NXPH1,0.34,-0.48,-0.58,1.13,1.62,0.6,2.35,-0.51,-0.8,-0.98,-0.79,-0.16,-0.51,-0.51,-0.71
GAD1,-0.9,-1.01,-0.91,1.36,0.11,1.06,1.53,1.51,0.51,0.47,-0.43,-0.4,-1.01,-1.15,-0.75
RPH3A,-0.71,-1.02,-0.72,2.44,1.32,1.03,0.68,-0.09,0.24,0.33,-0.7,-0.41,-0.76,-0.77,-0.85
SLC6A1,0.07,-0.66,-0.92,2.03,1.07,1.23,1.42,0.38,-0.37,-0.13,-0.99,-0.42,-0.85,-0.91,-0.96
KIAA0513,-0.64,-0.94,0.86,0.24,1.09,-0.83,1.58,1.1,-0.53,1.67,-0.5,-1.15,-1.12,-0.24,-0.59
SIX3,-1.08,-1.1,-0.99,-0.74,1.72,0.59,1.75,1.19,0.66,0.13,0.09,-0.64,-0.85,-0.84,0.12
ZDHHC2,-0.97,-0.87,-1.04,-0.53,1.54,0.09,1.61,1.68,0.94,0.36,0,-0.63,-1.03,-0.57,-0.57
SH3BP5,-0.72,-1.46,0.05,0,1.85,1.15,1.26,0.92,0.56,0.01,0.18,-0.88,-1.08,-1.23,-0.61
VSTM2L,-0.86,-1.11,0.02,-0.49,1.58,0.73,2.59,0.35,-0.04,0.18,-0.48,-0.41,-0.7,-0.88,-0.49
PPP1R1B[nr]|DARPP32[hs],-0.62,-0.64,-0.58,-0.61,-0.68,-0.61,-0.56,-0.16,0.85,2.83,-0.55,0.03,1.2,0.71,-0.59
ATF3,-0.26,1.02,0.26,-0.79,1.72,-0.95,-0.55,-0.37,-0.26,2.22,-0.76,-0.56,-0.79,0.88,-0.8
CSTB,-0.48,1.9,0.46,-0.74,-1.03,-1.53,-0.65,0.66,1.5,0.7,0.16,-0.76,-0.31,-0.85,0.98
SYT6,1.59,2.09,-0.34,-0.09,-1.09,-1.01,-0.86,0.47,1.15,0.24,0.46,-0.49,-0.78,-0.17,-1.17
GRM1,1.94,1.5,0.43,1.13,-0.38,-1.04,-0.23,0.19,0.63,0.03,-0.63,-0.54,-1.17,-0.2,-1.65
SNAP25,1.47,0.99,0.66,0.9,-0.49,-0.58,-0.28,0.47,1.05,1,-0.67,-0.38,-1.26,-1.08,-1.82
NCALD,-0.5,0.61,2.05,0.27,-0.8,-0.88,-0.55,0.52,1.39,1.41,-0.33,-0.17,-0.96,-0.94,-1.12
CAMK2N2,0.03,1.83,1.59,0.34,-1.18,-0.35,-1.04,-0.07,0.95,1.11,-0.08,-0.27,-0.85,-0.51,-1.48
ARPP21,-0.54,1.83,1.98,0.06,-0.97,-0.97,-0.85,0.37,0.85,0.93,-0.12,-0.17,-0.58,-0.68,-1.13
NR2F1,0.28,0.41,2.28,1.18,-1.27,-1.1,-1.23,-0.59,0.34,-0.27,1.08,0.12,-0.47,0.16,-0.92
SNCA,1.76,0.99,2.23,0.34,-0.96,-0.71,-0.93,-0.61,0.14,0.21,-0.27,-0.07,-0.58,-0.26,-1.27
DCLK1,0.09,0.37,2.61,0.5,0.92,-0.52,0.72,-0.07,-0.4,-0.84,0.04,-0.05,-1.2,-0.62,-1.56
TMEM163,0.96,0.23,2.87,0.21,0.87,0.11,-0.74,-0.47,-0.44,-0.88,-0.49,-0.34,-0.75,-0.02,-1.13
RPRML,-0.46,1.05,3.11,0.82,-0.15,-0.74,-0.48,-0.25,-0.29,-0.45,-0.44,-0.14,-0.56,-0.25,-0.79
C1QL3,-0.35,1.7,2.87,0.51,-0.49,-0.69,-0.63,-0.35,-0.58,-0.62,-0.14,-0.29,-0.25,-0.1,-0.57
ROBO2,-0.2,-0.61,3.12,1.45,-0.42,-0.35,-0.04,-0.17,-0.22,-0.38,-0.01,-0.41,-0.42,-0.56,-0.76
SLC26A5,-0.44,-0.45,3.45,0.06,0.4,0.3,-0.1,-0.42,-0.53,-0.53,-0.36,-0.26,-0.15,-0.44,-0.52
CARTPT,-0.51,-0.42,3.46,0.66,-0.41,-0.38,-0.4,0.05,-0.14,-0.3,-0.2,-0.27,-0.25,-0.43,-0.46
NMB,-0.4,-0.4,3.49,0.54,-0.38,-0.43,-0.41,-0.33,-0.34,-0.36,0.09,-0.09,-0.2,-0.34,-0.44
CALB2,-0.38,-0.27,3.51,0.45,-0.36,-0.48,-0.4,-0.11,-0.33,-0.39,0,-0.18,-0.18,-0.42,-0.46
NPTX1,-0.34,-0.37,3.59,-0.17,-0.08,-0.32,-0.3,-0.29,-0.34,-0.35,-0.04,-0.13,-0.2,-0.24,-0.41
TBR1,-0.13,-0.41,3.51,0.21,-0.42,-0.5,-0.39,-0.39,-0.38,-0.31,0.29,-0.04,-0.34,-0.24,-0.47
STMN4,-0.01,1.79,1.78,0.79,-0.13,0.21,-0.14,0,0.07,0.66,-0.49,-0.33,-1.34,-1.03,-1.81
PRKCG,1.08,2.08,1.58,0.13,0.32,0.52,-0.31,-0.47,-0.05,-0.4,-0.79,-0.13,-1.03,-0.92,-1.6
CRMP1,0.77,1.51,1.28,0.83,0.76,0.56,0.45,-0.28,-0.07,-0.72,-0.45,-0.11,-1.32,-1.46,-1.75
TMSB15A,1.3,-0.54,1.6,0.45,0.17,-0.17,0.4,0.22,0.77,0.5,-0.87,-0.66,0.49,-1.68,-1.98
SYP,0.98,0.51,1.09,0.9,0.65,0.53,0.15,0.51,0.24,0.6,-0.96,-0.28,-1.36,-1.45,-2.1
STMN2,1.22,0.42,1.69,1.5,0.01,-0.31,0.44,0.08,0.18,0.07,-0.64,-0.33,-1.32,-1.35,-1.67
TAGLN2[hs],1.62,0.74,-0.29,-0.46,-0.5,0.43,-0.96,-1.02,-1.37,-0.94,-0.74,0.47,1.82,0.07,1.14
SGK1,0.88,-0.1,0.08,-0.34,-0.86,-0.35,-1.13,1.49,-1.18,-0.07,-0.89,1.77,1.68,-0.27,-0.73
SLC4A10,2.77,0.56,0.31,1.05,0.5,-0.28,-0.12,-0.4,-0.59,-0.43,-0.94,0.3,-0.78,-0.57,-1.37
CNR1,2.38,0.67,-0.31,2.05,0.31,-0.02,-0.31,-0.4,-0.6,-0.9,-0.62,-0.15,-0.68,-0.43,-1
CPE,2.1,1.33,-0.15,1.72,-0.03,0.03,-0.15,-0.05,-0.56,-0.39,-1.02,-0.23,-0.98,-0.08,-1.52
MMP9,1.88,0.19,0.49,2.52,-0.74,-0.69,0.09,-0.7,-0.61,-0.73,-0.54,0.03,-0.53,0.25,-0.9
VAMP1,1.62,1.12,1.18,2.01,-0.53,-0.94,-0.56,-0.64,-0.26,-0.37,-0.57,0.25,-0.44,-0.6,-1.28
SV2B,3.19,-0.11,0.9,0.7,-0.59,-0.44,-0.47,-0.34,-0.5,-0.63,-0.43,-0.11,-0.51,0.06,-0.71
PHACTR2,2.88,0.96,-0.18,0.88,-0.35,0.72,-0.44,-0.52,-0.8,-0.88,-0.61,-0.32,-0.53,0.05,-0.84
CCER2,3.18,0.2,-0.2,1.15,-0.31,-0.13,-0.24,-0.51,-0.7,-0.69,-0.66,-0.02,-0.23,-0.06,-0.77
ETV1,3.13,0.84,-0.44,0.93,-0.5,-0.41,-0.52,-0.48,-0.43,-0.42,-0.48,-0.27,-0.56,0.29,-0.69
CBLN2,3.37,0.29,-0.58,0.62,-0.48,-0.4,-0.55,-0.29,-0.43,-0.45,-0.46,0,-0.34,0.25,-0.55
ADAM8,3.14,1.24,0.03,0.1,-0.5,-0.47,-0.63,-0.44,-0.63,-0.61,-0.53,-0.02,-0.21,0.18,-0.64
PLK2,3.12,1.06,-0.51,0.55,-0.43,-0.19,-0.37,-0.59,-0.31,-0.14,-0.58,-0.01,-0.42,-0.09,-1.1
ATP2B1,2.92,1.49,-0.27,0.56,-0.33,-0.26,-0.44,-0.37,-0.51,-0.4,-0.57,0.02,-0.6,-0.14,-1.11
CHGA,2.91,1.46,-0.47,0.71,-0.53,-0.44,-0.5,-0.26,-0.33,-0.24,-0.71,-0.07,-0.43,-0.11,-1
FAM149A,2.83,0.11,0.29,0,-0.26,0.89,-0.41,0.05,0.31,0.29,-0.3,-0.13,-1.24,-0.96,-1.46
KCNAB1,2.98,0.97,-0.32,0.02,-0.76,-0.86,-0.77,0.02,0.46,0.69,-0.53,-0.35,-0.5,-0.15,-0.92
CPNE7,3.15,-0.51,-0.81,1.04,-0.17,-0.17,-0.17,0.24,-0.15,0.21,-0.69,-0.22,-0.58,-0.19,-0.99
MMD,-0.01,3.07,1.31,0.14,-0.65,-0.29,-0.57,0.03,-0.2,-0.39,-0.32,-0.6,-0.65,0.1,-0.98
TMIE,0.13,3.4,0.49,0.12,-0.56,-0.55,-0.48,-0.25,-0.47,-0.49,-0.39,-0.22,-0.41,0.27,-0.59
CCNY,0.61,3.09,1.04,0.19,-0.42,-0.66,-0.43,-0.42,-0.41,-0.31,-0.49,-0.32,-0.72,0.16,-0.9
NELL2,1.54,2.21,1.28,0.66,-0.39,-0.39,-0.66,-0.03,-0.21,-0.16,-0.86,-0.26,-0.76,-0.48,-1.5
JUND,1.56,2.83,0.23,0.61,-0.67,-0.43,-0.54,-0.12,-0.2,-0.21,-0.7,-0.25,-0.65,-0.57,-0.89
TIAM1,1.03,3.05,0.57,0.39,-0.54,-0.39,-0.38,-0.3,-0.38,-0.2,-0.71,-0.01,-0.63,-0.4,-1.11
ELMO1,1.31,2.94,-0.43,0.25,-0.44,-0.62,-0.84,0.43,0.08,0.1,-0.55,-0.29,-0.75,-0.25,-0.96
PLPPR4,0.86,2.84,0.29,-0.22,-0.01,-0.48,-0.31,0.13,0.23,0.69,-0.88,-0.37,-0.85,-0.37,-1.54
MAP2K1,1.14,2.54,0.16,0.38,-0.88,-0.6,-0.76,0.1,0.34,0.95,-0.65,-0.22,-0.8,-0.23,-1.48
CHN1,1.53,2.55,-0.21,0.13,-0.73,-0.43,-0.7,0.2,0.31,0.55,-0.64,0.03,-0.95,-0.17,-1.45
ZBTB18,1.72,1.31,1.77,0.46,-0.63,0.79,-0.7,-0.86,-0.95,-1.04,-0.52,-0.1,-0.58,0.34,-1.01
NPTX2,0.75,2.04,2.28,0.67,-0.47,-0.45,-0.66,-0.6,-0.7,-0.82,-0.55,-0.09,-0.43,-0.11,-0.86
KLHL4,0.77,2.47,1.88,0.62,-0.7,-0.65,-0.66,-0.44,-0.46,-0.4,-0.57,-0.24,-0.51,-0.23,-0.88
CPLX3,1.67,1.96,1.69,0.37,-0.73,-0.64,-0.8,-0.67,-0.78,-0.82,-0.47,0.16,-0.29,0.18,-0.82
NEUROD6,1.84,1.73,1.69,0.6,-0.79,-0.74,-0.78,-0.59,-0.77,-0.81,-0.44,0.08,-0.37,0.17,-0.81
CCSAP,1.37,2.68,0.97,0.61,-0.48,-0.41,-0.52,-0.52,-0.63,-0.65,-0.62,-0.39,-0.61,0.16,-0.98
RTN4RL2,1.72,2.58,1.02,0.19,-0.64,-0.63,-0.64,-0.46,-0.67,-0.7,-0.61,-0.22,-0.21,-0.02,-0.7
NEUROD2,1.98,2.26,0.84,0.57,-0.67,-0.68,-0.73,-0.54,-0.71,-0.77,-0.52,-0.19,-0.44,0.3,-0.7
NEUROD4,1.25,2.92,0.23,0.27,-0.67,-0.64,-0.67,-0.53,-0.56,-0.73,-0.41,-0.23,-0.3,0.75,-0.67
MEGF11,1.75,2.94,-0.46,0.02,-0.36,-0.36,-0.43,-0.39,-0.59,-0.6,-0.47,-0.27,-0.28,0.11,-0.62
ADCYAP1,1.76,2.8,0.04,0.36,-0.39,-0.57,-0.62,-0.51,-0.67,-0.68,-0.5,-0.24,-0.28,0.18,-0.69
NELL1,2.67,1.72,0.19,0.64,-0.37,-0.63,-0.73,-0.33,-0.29,-0.25,-0.69,-0.03,-0.68,-0.13,-1.09
C1QL1,2.27,2.34,-0.17,0.77,-0.58,-0.52,-0.5,-0.54,-0.6,-0.65,-0.45,-0.14,-0.25,-0.36,-0.62
OLFM2,2.31,2.02,-0.05,1.11,-0.7,-0.1,-0.43,-0.05,-0.41,-0.59,-0.65,-0.54,-0.79,-0.29,-0.85
EGFL6,2.58,1.62,0.66,-0.03,-0.65,-0.78,-0.7,-0.7,-0.77,-0.69,-0.24,-0.3,0.02,0.7,-0.73
P2RY1,2.28,1.53,0.78,0.88,-0.88,-0.85,-0.98,0.05,-0.62,-0.53,-0.41,0.04,-0.63,0.43,-1.09
DKK3,2.3,1.62,1.08,0.93,-0.59,-0.29,-0.61,-0.4,-0.75,-0.83,-0.64,-0.14,-0.35,-0.23,-1.1
NPTXR,2.26,1.53,1.37,0.69,-0.7,-0.66,-0.75,-0.6,-0.76,-0.77,-0.6,-0.04,-0.34,0.19,-0.82
ECM1,0.86,1.04,0.17,0.79,-1.39,1.31,-0.91,-0.47,0.2,0.32,-0.84,0.67,0.75,-0.29,-2.21
CPNE6,-0.12,2.31,0.39,0.06,-0.43,2.26,-0.47,-0.06,-0.37,-0.01,-0.33,-0.66,-0.98,-0.6,-0.98
HBE1[hs],-0.07,1.71,-0.04,-0.95,0.15,2.62,-0.11,-0.5,0.23,-0.95,0.04,0.27,-0.7,-0.75,-0.95
WASF1,1.57,1.54,0.05,0.85,-0.07,1.75,-0.23,-0.63,-0.33,-0.43,-0.63,-0.18,-1.29,-0.44,-1.52
NFIB,1.58,1.68,-0.43,0.1,0.17,1.56,-0.47,-0.93,-1.07,-1.1,-0.59,0.02,-0.43,0.97,-1.05
PAX6,-0.82,-0.83,-0.8,-0.83,-0.59,-0.07,-0.66,0.16,2.37,1.27,1.52,-0.47,-0.62,0.58,-0.21
ECEL1,-0.86,-0.85,-0.72,0,-0.88,-0.76,0.1,1.04,2.36,0.97,1.34,-0.23,-0.66,-0.87,0
GHRH[nr]|VIP[hs],-0.62,-0.66,-0.6,-0.64,-0.6,-0.67,-0.34,0.58,2,1.7,1.8,-0.3,-0.49,-0.6,-0.56
GAD2,-0.76,-0.84,-0.75,0.09,-0.63,-0.08,0.13,1.4,2.1,1.88,0.1,-0.43,-0.71,-0.87,-0.62
CBLN4,-0.81,-0.7,-0.53,0.18,-0.62,-0.06,-0.07,1.29,2.16,1.98,-0.1,-0.61,-0.68,-0.55,-0.87
LAMP5,-0.49,-0.6,-0.47,-0.58,-0.55,-0.47,-0.54,1.06,2.31,2.11,0.21,-0.22,-0.58,-0.58,-0.6
KL,-0.63,-0.67,-0.56,-0.43,-0.57,-0.46,-0.55,1.71,2.22,1.66,0.34,-0.41,-0.53,-0.64,-0.49
NOVA1,-0.98,-0.96,-0.68,-0.37,-0.26,0.13,0.03,0.78,2.06,2.1,0.68,-0.35,-0.78,-0.75,-0.64
RBFOX1,-0.71,-0.73,0.13,-0.24,-0.71,-0.48,-0.63,0.82,2.14,2.22,0.44,-0.35,-0.53,-0.7,-0.68
INA,-0.25,-1.12,-0.21,0.77,-0.16,-0.16,-0.35,0.29,1.9,1.96,0.79,-0.11,-1.04,-1.14,-1.15
NEFM,-0.05,-0.39,-0.38,0.03,-0.69,-0.26,-0.61,0.35,2.04,2.62,-0.18,-0.35,-0.66,-0.68,-0.78
PENK,0.87,-0.14,-0.79,-0.27,-0.61,-0.41,-0.53,0.18,2.17,2.21,0,-0.27,-0.74,-0.7,-0.98
VAMP2,-1.16,-0.01,1.44,-0.61,0.49,0.5,0.95,1.31,0.94,0.77,-0.14,-0.41,-1.37,-1.31,-1.37
CCNG1[hs],-1.15,-0.38,1.04,-0.47,0.74,0.02,1.81,0.59,1.05,1.01,-0.48,-0.24,-0.94,-1.72,-0.89
EGR1,-0.81,-0.28,0.53,-0.58,1.5,0.88,0.37,1.66,0.45,1.17,-0.74,-0.63,-1.09,-1.03,-1.4
NGEF,-0.07,-0.56,1.08,-0.61,0.51,0.13,-0.14,0.92,1.51,1.96,-0.57,-0.71,-1.03,-1.05,-1.38
VSNL1,-0.77,-0.84,0.14,-0.31,0.87,0.19,0.61,1.08,1.45,1.9,-0.4,-0.38,-0.97,-1.3,-1.27
GRM5,-0.46,0.11,-0.18,-0.37,0.39,0.71,0.37,0.72,1.47,2.13,-0.6,-0.4,-1.1,-1.37,-1.41
CTXN1,-1.04,-0.94,-0.43,-0.91,0.13,0.82,0.63,1.83,1.42,1.54,-0.17,-0.64,-0.82,-0.95,-0.45
PCP4L1,-1.28,-1.19,-0.67,-0.72,0.19,-0.29,1.14,1.13,1.96,1.01,1,-0.36,-0.54,-0.86,-0.53
GAP43,-0.25,-0.7,-0.16,0.07,0.55,1.05,1.68,0.75,1.27,0.54,-0.02,-0.33,-1.44,-1.34,-1.67
DLX6,-1.03,-0.98,-1,-0.77,0.58,1.16,2.06,0.66,1.04,0.98,-0.03,-0.43,-0.89,-0.92,-0.44
SLC32A1,-1.02,-1.15,-1.11,0.08,0.2,1.61,1.1,1.04,1.24,1.18,-0.16,-0.34,-1,-1,-0.67
NPY,-0.48,0.02,-0.39,1.41,-0.6,-0.16,-0.11,3.15,-0.07,-0.41,-0.48,-0.33,-0.56,-0.46,-0.53
CCK,-0.32,-0.33,-0.31,-0.3,-0.32,-0.31,-0.31,3.59,-0.04,0.11,-0.27,-0.27,-0.26,-0.32,-0.32
CRHBP,-0.3,-0.32,-0.3,-0.32,-0.29,-0.33,-0.3,3.6,-0.05,0.02,-0.28,-0.23,-0.26,-0.32,-0.3
PBX1,-0.45,-0.08,0,-0.19,-0.96,-1.18,-0.51,2.51,0.78,1.44,0.75,-0.68,-0.94,0.04,-0.54
IAPP,-0.47,-0.49,-0.48,-0.49,-0.49,-0.45,-0.48,2.88,1.14,1.38,-0.24,-0.38,-0.44,-0.5,-0.49
GAL,-0.41,-0.42,-0.4,-0.38,-0.41,-0.38,-0.39,3.23,0.07,1.33,-0.31,-0.33,-0.37,-0.42,-0.41
CDKN1A,0.38,-0.01,2.07,-0.54,-0.9,0.3,0.37,0.63,1.23,0.56,-0.22,-0.31,-1.39,-0.22,-1.97
PNCK,-0.56,-0.81,1.75,-0.26,-0.61,-0.87,-0.4,0.63,1.67,1.59,0.74,-0.42,-0.5,-0.96,-0.99
ANKRD1,1.79,-0.69,-0.11,-0.69,-0.69,-0.69,0.73,1.63,-0.69,1.81,0.32,-0.69,-0.69,-0.69,-0.69
TRH,-0.64,-0.59,-0.47,-0.36,-0.58,-0.65,-0.52,0.76,1.21,2.83,0.93,-0.41,-0.51,-0.61,-0.39
FOXP1,-0.43,-0.49,-0.35,-0.36,-0.41,-0.51,-0.5,0.51,1.14,3.22,-0.34,-0.25,-0.32,-0.47,-0.45
RASD2,-0.52,-0.5,-0.44,-0.43,-0.51,-0.51,-0.47,0.69,1.61,2.92,-0.15,-0.31,-0.41,-0.5,-0.48
NECAB1,-0.65,-0.71,-0.49,-0.21,0.35,-0.3,-0.51,1.67,1.3,2.45,-0.32,-0.49,-0.66,-0.73,-0.72
NECAB1[nr],-0.65,-0.71,-0.49,-0.21,0.35,-0.3,-0.51,1.67,1.3,2.45,-0.32,-0.49,-0.66,-0.73,-0.72
FOXP2,-0.61,-0.66,-0.51,-0.58,-0.51,-0.52,-0.22,2.18,0.64,2.42,0.18,-0.44,-0.57,-0.62,-0.18
TAC1,-0.47,-0.48,-0.45,-0.46,-0.45,-0.44,-0.46,1.89,0.5,2.81,-0.33,-0.32,-0.41,-0.47,-0.45
PDYN,-0.48,-0.48,-0.48,-0.45,-0.47,-0.48,-0.44,2.32,0.51,2.45,-0.31,-0.32,-0.42,-0.47,-0.48
GRM2,0.51,0.41,-0.67,-0.65,-0.5,0.77,-0.65,0.98,2.17,1.34,0.22,-0.72,-1.12,-1,-1.08
BRS3,0.56,1.27,0.48,-0.31,-0.94,-0.89,-0.94,1.06,1.06,2.09,-0.41,-0.53,-0.68,-0.76,-1.05
BCL11B,-0.16,0.36,0.23,-0.19,-0.91,-1.07,-0.83,0.94,1.8,2.17,0.19,-0.02,-0.68,-0.79,-1.06
DOCK3,-0.54,0.25,0.59,-0.26,-0.49,-0.13,-0.23,0.68,1.69,2.31,-0.26,-0.06,-1.08,-1.13,-1.33
NPPC4,-0.46,-0.61,0.1,-0.08,-0.04,1.08,3.28,-0.46,-0.31,-0.53,-0.52,-0.12,-0.38,-0.46,-0.51
LHX6,-0.02,-0.2,-0.41,3.21,-0.14,-0.3,0.02,1.21,-0.58,-0.72,-0.65,-0.29,-0.64,-0.12,-0.37
SST,-0.22,-0.31,-0.34,3.56,-0.42,-0.38,-0.4,-0.06,0.22,0.02,-0.33,-0.26,-0.32,-0.38,-0.38
PYY,-0.15,-0.2,-0.07,3.6,-0.31,-0.32,-0.33,-0.32,-0.28,-0.31,-0.3,-0.22,-0.21,-0.26,-0.33
VSTM2A,-0.42,0,0.46,2.76,-0.74,-0.53,-0.26,0.52,0.55,1.24,-0.4,-0.35,-0.79,-0.93,-1.1
NEFL,0.37,0.06,0.52,1.14,-0.13,-0.83,-0.24,0.87,1.22,1.48,-0.54,0.42,-1.09,-1.28,-1.94
LPIN2,-0.23,-0.11,-0.09,0.63,0.52,0.8,0.09,0.43,0.69,2.14,-0.59,-1.02,-2.21,-1.03,-0.02
ARX,-0.71,-0.36,-1.06,2.36,-0.7,0,0.27,0.24,1.27,1.19,0.47,-0.8,-1.31,-0.63,-0.23
